PL_Code,Description,Criticality,ABC_Class,Forecast_2026_27,Current_Stock,ROP,Inventory_Gap,Normalized_Investment_Required,Normalized_Procurement_Priority_Score,Procurement_Priority_Class,Service_Risk_Reduction_Score,Service_Risk_Priority_Class,Service_Factor,Positive_Gap,SRRS_Rank,SRRS_Per_Rupee,Funding_Driver,Criticality_Name,Funding_Decision,Source_Universe
56119033,Cable 19 C x 1.5 sq.mm,S1,C,10214.28,236.0,15650.23,15414.23,5259289.03,52592890.33,High,154142.3,High,1.0,15414.23,10,2.9e-05,Gap,Safety Critical,Not Funded,Strategic
56987122/56110029,Cable 3 C x 10 sq.mm,S1,C,2277.56,3988.0,11057.48,7069.48,880079.57,8800795.65,Medium,70694.8,High,1.0,7069.48,14,8e-05,Gap,Safety Critical,Not Funded,Strategic
50550081,Lead Acid Stationary Secondary Cells  - 2V/200 AH,S2,A,4135.36,1532.0,16113.33,14581.33,92853909.44,464269547.2,Immediate,189557.29,High,2.6,14581.33,8,0.002041,Gap,Operational Critical,Not Funded,Strategic
56509960,Cable 2 C x 25 sq.mm,S1,C,21631.94,9.06,39069.08,39060.02,45860369.48,458603694.82,Immediate,390600.2,Immediate,1.0,39060.02,5,0.008517,Gap,Safety Critical,Not Funded,Strategic
56501018,Cable 30 C x 1.5 Sq.mm,S1,A,28364.23,14152.0,72606.45,58454.45,33968465.44,339684654.4,Immediate,1636724.6,Immediate,2.8,58454.45,3,0.048184,Gap,Safety Critical,Not Funded,Strategic
56509959,Cable 12 C x 1.5 Sq.mm,S1,A,66258.84,38752.0,170818.49,132066.49,31166370.98,311663709.75,Immediate,3697861.72,Immediate,2.8,132066.49,1,0.118649,Gap,Safety Critical,Not Funded,Strategic
56468039,LED Red aspect with accessories,S1,A,1556.04,943.0,4420.46,3477.46,30939657.11,309396571.12,Immediate,97368.88,High,2.8,3477.46,11,0.003147,Gap,Safety Critical,Not Funded,Strategic
56468052,LED Yellow aspect with accessories,S1,A,1500.82,632.0,3764.45,3132.45,27899604.47,278996044.68,Immediate,87708.6,High,2.8,3132.45,12,0.003144,Criticality,Safety Critical,Not Funded,Strategic
56468040,LED Green Aspect with accessories,S1,A,1287.44,472.0,2993.49,2521.49,25635686.25,256356862.51,High,70601.72,High,2.8,2521.49,15,0.002754,Criticality,Safety Critical,Not Funded,Strategic
50540324,Lead Acid Stationary Secondary Cells  - 2V/80 AH,S2,A,7197.9,4304.0,18819.29,14515.29,50071944.38,250359721.92,High,188698.77,High,2.6,14515.29,9,0.003769,Gap,Operational Critical,Not Funded,Strategic
56501006,Cable 24 C x 1.5 Sq.mm,S1,A,38250.32,6942.0,60146.47,53204.47,23919665.62,239196656.23,High,1489725.16,Immediate,2.8,53204.47,4,0.06228,Gap,Safety Critical,Not Funded,Strategic
50232356/50232319,Magneto telephone,S2,A,1769.51,114.0,6120.1,6006.1,31512805.48,157564027.4,High,78079.3,High,2.6,6006.1,13,0.002478,Gap,Operational Critical,Not Funded,Strategic
56468027,Route LED Signal lightning unit 100 V AC,S1,B1,1477.05,319.0,2579.92,2260.92,13491361.82,134913618.24,High,54262.08,High,2.4,2260.92,16,0.004022,Criticality,Safety Critical,Not Funded,Strategic
56462050,AC Shunt Signal LED with in built current regulator,S1,B1,1271.87,435.0,2162.26,1727.26,9864727.31,98647273.12,High,41454.24,High,2.4,1727.26,17,0.004202,Criticality,Safety Critical,Not Funded,Strategic
56119537,Cable 2 C x 2.5 sq.mm,S1,B1,59866.54,43539.0,112407.96,68868.96,6654807.6,66548076.05,High,1652855.04,Immediate,2.4,68868.96,2,0.24837,Gap,Safety Critical,Funded,Strategic
56468064,Calling on LED Signal lightning unit 100 V AC,S1,B2,594.46,150.0,819.14,669.14,4581173.33,45811733.3,High,6691.4,Medium,1.0,669.14,20,0.001461,Criticality,Safety Critical,Not Funded,Strategic
50541523,Lead Acid Stationary Secondary Cells  - 2V/120 AH,S2,B2,970.46,354.0,1745.03,1391.03,6256741.66,31283708.29,High,13910.3,High,2.0,1391.03,18,0.002223,Criticality,Operational Critical,Not Funded,Strategic
56451027,Relay AC  Immune Plug in  type style-QBCA1,S3,B2,2090.62,46.0,3296.87,3250.87,10948182.46,21896364.92,High,6501.74,Medium,1.0,3250.87,21,0.000594,Gap,Service Critical,Not Funded,Strategic
56450217,Relay AC Immune Plug in type style-QSPA1,S3,B1,1138.35,296.0,2137.39,1841.39,9656101.85,19312203.7,High,3682.78,Medium,1.0,1841.39,23,0.000381,Gap,Service Critical,Not Funded,Strategic
52156576/56500452,Battery charger 230V AC 110V DC 30A,S2,B2,45.37,7.0,56.29,49.29,2937191.1,14685955.5,Medium,492.9,Medium,2.0,49.29,29,0.000168,Criticality,Operational Critical,Not Funded,Strategic
56160100,Battery Charger 230V/24V 40 AMPS,S2,C,8.15,0.0,21.06,21.06,1167987.6,5839938.0,Medium,105.3,Medium,1.0,21.06,36,9e-05,Criticality,Operational Critical,Funded,Strategic
56450229,Relay AC Immune Plug in type style-QTA2,S3,B2,1581.69,156.0,1313.53,1157.53,2727673.14,5455346.29,Medium,2315.06,Medium,1.0,1157.53,24,0.000849,Gap,Service Critical,Not Funded,Strategic
50360693/50370110,4 wire way station control telephone RDSO/SPN IRS.TC.38/97 with latest amendment,S4,C,748.1,587.0,2013.24,1426.24,1985896.58,1985896.58,Medium,1426.24,Medium,1.0,1426.24,25,0.000718,Gap,Non Critical,Not Funded,Strategic
50210014,Emergency Socket Box,S3,C,175.63,204.0,414.91,210.91,765784.68,1531569.37,Medium,421.82,Medium,1.0,210.91,31,0.000551,Criticality,Service Critical,Funded,Strategic
50370080,4 Wire DTMP Way Station Equipment,S3,B2,632.39,216.0,427.16,211.16,610463.56,1220927.12,Medium,422.32,Medium,1.0,211.16,30,0.000692,Criticality,Service Critical,Funded,Strategic
47200054/47200250,Transformer 230/110V  - 1 KVA,S3,C,52.73,2.0,70.48,68.48,448394.71,896789.43,Medium,136.96,Medium,1.0,68.48,35,0.000305,Criticality,Service Critical,Not Funded,Strategic
56505959,RKT single various wards,S4,C,276.0,0.0,46.0,46.0,415426.0,415426.0,Medium,46.0,Low,1.0,46.0,39,0.000111,Service_Level,Non Critical,Not Funded,Strategic
72081181/72207413,Drill Twist 7.2 mm,S3,C,6878.08,2528.0,5087.23,2559.23,180297.75,360595.51,Medium,5118.46,Medium,1.0,2559.23,22,0.028389,Gap,Service Critical,Funded,Strategic
56507641,Channel Bond Pin,S3,C,272191.42,133772.0,241341.11,107569.11,174261.96,348523.92,Medium,215138.22,High,1.0,107569.11,7,1.234568,Gap,Service Critical,Funded,Strategic
50901126,Lead Acid Batteries  - 4V/12 AH,S2,C,114.0,0.0,38.0,38.0,35264.0,176320.0,Medium,190.0,Medium,1.0,38.0,33,0.005388,Criticality,Operational Critical,Funded,Strategic
54252222,E-TYPE LOCK,S4,C,321.0,0.0,53.5,53.5,147553.0,147553.0,Medium,53.5,Low,1.0,53.5,38,0.000363,Service_Level,Non Critical,Funded,Strategic
54253561,Hand Plungerlock with key,S3,C,17.71,2.0,8.58,6.58,45809.96,91619.92,Medium,13.16,Low,1.0,6.58,44,0.000287,Criticality,Service Critical,Funded,Strategic
45174404/45174416,Hydro meter complete set,S3,C,1352.95,1192.0,1874.26,682.26,42750.41,85500.82,Medium,1364.52,Medium,1.0,682.26,26,0.031918,Gap,Service Critical,Funded,Strategic
56511516,Railjoint Insulation 60Kg.,S2,C,88.5,0.0,7.38,7.38,6391.97,31959.83,Medium,36.9,Low,1.0,7.38,41,0.005777,Criticality,Operational Critical,Funded,Strategic
56502606,Fuse ND type RDSO spn 78/92 10 Amps,S2,C,4053.4,3140.0,3181.03,41.03,3280.35,16401.74,Medium,205.15,Medium,1.0,41.03,32,0.062539,Criticality,Operational Critical,Funded,Strategic
67900203,Auto Battery  12V X130 AH 19 plate,S3,C,10.5,0.0,2.62,2.62,0.0,0.0,Medium,5.24,Low,1.0,2.62,45,0.0,Criticality,Service Critical,Funded,Strategic
56509376,A.R.A Terminal Block 25mm PBT small,S2,C,14956.92,10200.0,8158.74,-2041.26,0.0,0.0,Low,0.0,Low,1.0,0.0,51,0.0,,Operational Critical,Not Funded,Strategic
50353603,Portable 4 wire Emergency Control Telephone with six pin flat type socket,S3,C,338.87,332.0,173.72,-158.28,0.0,0.0,Low,0.0,Low,1.0,0.0,52,0.0,,Service Critical,Not Funded,Strategic
56502576,Fuse ND type RDSO spn 78/92 16 Amps,S2,C,4379.46,3672.0,1278.09,-2393.91,0.0,0.0,Low,0.0,Low,1.0,0.0,53,0.0,,Operational Critical,Not Funded,Strategic
56502540,Fuse ND type  RDSO spn 78/92 6 Amps,S2,C,6283.91,3715.0,2532.51,-1182.49,0.0,0.0,Low,0.0,Low,1.0,0.0,54,0.0,,Operational Critical,Not Funded,Strategic
56509388,A.R.A Terminal Block 60mm PBT,S2,C,5315.06,2800.0,2569.42,-230.58,0.0,0.0,Low,0.0,Low,1.0,0.0,55,0.0,,Operational Critical,Not Funded,Strategic
52156618/56509935,Battery charger 230V  AC/24V DC-20A,S2,C,8.1,0.0,8.43,8.43,0.0,0.0,Low,42.15,Low,1.0,8.43,40,0.0,Criticality,Operational Critical,Funded,Strategic
56500350,Battery charger 110V AC 24V DC 30A,S4,C,28.72,21.0,23.62,2.62,0.0,0.0,Low,2.62,Low,1.0,2.62,47,0.0,Service_Level,Non Critical,Funded,Strategic
50231959,Telephone Electronic Push Button   main - Extn .1+1,S3,C,91.6,199.0,103.68,-95.32,0.0,0.0,Low,0.0,Low,1.0,0.0,56,0.0,,Service Critical,Not Funded,Strategic
50231832/50231881,Telephone Electronic Push Button,S3,C,1084.0,1131.0,802.33,-328.67,0.0,0.0,Low,0.0,Low,1.0,0.0,57,0.0,,Service Critical,Not Funded,Strategic
56163034,Voltage stabilizer 3 KVA-230V.,S3,C,12.47,17.0,8.6,-8.4,0.0,0.0,Low,0.0,Low,1.0,0.0,58,0.0,,Service Critical,Not Funded,Strategic
40981381,Wire coil PVC 16/0.2 mm,S3,C,25899.0,0.0,6474.75,6474.75,0.0,0.0,Low,12949.5,Medium,1.0,6474.75,19,0.0,Gap,Service Critical,Funded,Strategic
50132453,Telephone card 3 Way 1.5m long,S3,C,7.5,0.0,1.88,1.88,0.0,0.0,Low,3.76,Low,1.0,1.88,46,0.0,Criticality,Service Critical,Funded,Strategic
67900185,Auto Battery 12V/75AH,S4,C,43.92,0.0,66.03,66.03,0.0,0.0,Low,66.03,Low,1.0,66.03,37,0.0,Service_Level,Non Critical,Funded,Strategic
56509686,Transformer 230/110V  -  3 KVA,S4,C,11.4,0.0,1.9,1.9,0.0,0.0,Low,1.9,Low,1.0,1.9,49,0.0,Service_Level,Non Critical,Funded,Strategic
56301704,Ground Connection for IRS Point Machine,S4,C,149.52,0.0,649.26,649.26,0.0,0.0,Low,649.26,Medium,1.0,649.26,27,0.0,Service_Level,Non Critical,Funded,Strategic
56986210,FS CABLE,S4,C,135.0,0.0,22.5,22.5,0.0,0.0,Low,22.5,Low,1.0,22.5,43,0.0,Service_Level,Non Critical,Funded,Strategic
56160112,BATTERY CHARGER 230V/24V/50AMPS,S4,C,6.3,0.0,1.05,1.05,0.0,0.0,Low,1.05,Low,1.0,1.05,50,0.0,Service_Level,Non Critical,Funded,Strategic
91150401,SOLDER CORE RESIN FILLED (Kgs.),S4,C,80.15,125.0,74.71,-50.29,0.0,0.0,Low,0.0,Low,1.0,0.0,59,0.0,,Non Critical,Not Funded,Strategic
56060002,RAIL JOINT INSULATION 52kg. nylon comp.,S4,C,216.0,0.0,36.0,36.0,0.0,0.0,Low,36.0,Low,1.0,36.0,42,0.0,Service_Level,Non Critical,Funded,Strategic
50132600,Telephone card 3 Way 1.5m long,S4,C,15.0,0.0,2.5,2.5,0.0,0.0,Low,2.5,Low,1.0,2.5,48,0.0,Service_Level,Non Critical,Funded,Strategic
41095066,PVC Insulation TAPE (Mtrs),S4,C,261761.4,31965.0,302905.54,270940.54,0.0,0.0,Low,270940.54,Immediate,1.0,270940.54,6,0.0,Gap,Non Critical,Funded,Strategic
40070359,Wire coil 3/0 75 mm,S4,C,3000.0,0.0,500.0,500.0,0.0,0.0,Low,500.0,Medium,1.0,500.0,28,0.0,Service_Level,Non Critical,Funded,Strategic
56985526,Fuse ND Type RDSO Spn 78/92 4A Maps,S4,C,900.0,0.0,150.0,150.0,0.0,0.0,Low,150.0,Medium,1.0,150.0,34,0.0,Service_Level,Non Critical,Funded,Strategic
